dataset,track_id,segment_id,split,start_s,end_s,duration_s,x_rms,x_peak,y_rms,y_peak,intent_mse,intent_cosine_sim,has_y_hat,y_hat_path,y_hat_rms,y_hat_peak,y_hat_snr,intent_error,renderer_quality_error,y_is_silent,renderer_target_all_zero,has_situation,situation_path,situation_shape,situation_is_finite,situation_min,situation_max,situation_mean,situation_std,has_intent_targets,intent_targets_path,intent_targets_shape,intent_targets_is_finite,intent_targets_min,intent_targets_max,intent_targets_mean,intent_targets_std,has_intent_pred,intent_pred_path,intent_pred_shape,intent_pred_is_finite,intent_pred_min,intent_pred_max,intent_pred_mean,intent_pred_std,has_renderer_target,renderer_target_path,renderer_target_shape,renderer_target_is_finite,renderer_target_min,renderer_target_max,renderer_target_mean,renderer_target_std,has_renderer_tokens,renderer_tokens_path,renderer_tokens_shape,renderer_tokens_is_finite,renderer_tokens_min,renderer_tokens_max,renderer_tokens_mean,renderer_tokens_std,token_min_id,token_max_id,expected_intent_frames,actual_intent_frames,alignment_ok,notes
slakh,Track00014,Track00014_2646000,train,60.0,66.0,6.0,0.07015131471180722,0.7697242498397827,0.08991520141547518,0.5692219138145447,,,0,,,,,,,0,0,0,,,,,,,,0,,,,,,,,0,,,,,,,,0,,,,,,,,0,,,,,,,,,,60,0,0,Missing situation.npy; Missing intent_targets.npy; Missing renderer_target.npy
slakh,Track00013,Track00013_4895100,train,111.0,117.0,6.0,0.05347355444578742,0.31672346591949463,0.055901982797454154,0.3422965705394745,,,0,,,,,,,0,0,1,segments/slakh/Track00013/Track00013_4895100/situation.npy,"(32,)",True,-0.9727586507797241,2.0129032135009766,0.4064629077911377,0.5581725239753723,1,segments/slakh/Track00013/Track00013_4895100/intent_targets.npy,"(60, 7)",True,0.0,1.0,0.2969793677330017,0.2764827013015747,0,,,,,,,,1,segments/slakh/Track00013/Track00013_4895100/renderer_target.npy,"(599, 882)",True,-0.323198139667511,0.3422965705394745,-9.157454769592732e-05,0.0559302382171154,0,,,,,,,,,,60,60,1,
slakh,Track00004,Track00004_1587600,train,36.0,42.0,6.0,0.0736888091710439,0.47034844756126404,0.06251887016772181,0.3759329319000244,,,0,,,,,,,0,0,0,,,,,,,,0,,,,,,,,0,,,,,,,,0,,,,,,,,0,,,,,,,,,,60,0,0,Missing situation.npy; Missing intent_targets.npy; Missing renderer_target.npy
slakh,Track00007,Track00007_1719900,train,39.0,45.0,6.0,0.07515837952453842,0.5917568802833557,0.06808079837206776,0.4189556837081909,,,0,,,,,,,0,0,1,segments/slakh/Track00007/Track00007_1719900/situation.npy,"(32,)",True,-0.7998392581939697,1.488084077835083,0.31676608324050903,0.4471689760684967,1,segments/slakh/Track00007/Track00007_1719900/intent_targets.npy,"(60, 7)",True,0.0,1.0,0.3031749129295349,0.25348585844039917,0,,,,,,,,1,segments/slakh/Track00007/Track00007_1719900/renderer_target.npy,"(599, 882)",True,-0.325951486825943,0.4189556837081909,-0.00014414804172702134,0.06808485835790634,0,,,,,,,,,,60,60,1,
slakh,Track00008,Track00008_6350400,train,144.0,150.0,6.0,0.06373707805338817,0.5431673526763916,0.08489146205911516,0.36266905069351196,,,0,,,,,,,0,0,1,segments/slakh/Track00008/Track00008_6350400/situation.npy,"(32,)",True,-0.7924768328666687,1.1216890811920166,0.3208608031272888,0.42202213406562805,1,segments/slakh/Track00008/Track00008_6350400/intent_targets.npy,"(60, 7)",True,0.0,1.0,0.3157079815864563,0.2400251030921936,0,,,,,,,,1,segments/slakh/Track00008/Track00008_6350400/renderer_target.npy,"(599, 882)",True,-0.36266905069351196,0.34466907382011414,0.00017914778436534107,0.08487153053283691,0,,,,,,,,,,60,60,1,
slakh,Track00018,Track00018_5821200,val,132.0,138.0,6.0,0.051105080466148166,0.3128037452697754,0.08903339018636375,0.563356339931488,,,0,,,,,,,0,0,0,,,,,,,,0,,,,,,,,0,,,,,,,,0,,,,,,,,0,,,,,,,,,,60,0,0,Missing situation.npy; Missing intent_targets.npy; Missing renderer_target.npy
slakh,Track00019,Track00019_6482700,train,147.0,153.0,6.0,0.0906664254289444,0.49770599603652954,0.06895271588608959,0.3293994665145874,,,0,,,,,,,0,0,0,,,,,,,,0,,,,,,,,0,,,,,,,,0,,,,,,,,0,,,,,,,,,,60,0,0,Missing situation.npy; Missing intent_targets.npy; Missing renderer_target.npy
slakh,Track00010,Track00010_2646000,train,60.0,66.0,6.0,0.07077675230856514,0.6000328063964844,0.08787018042392904,0.5700546503067017,,,0,,,,,,,0,0,0,,,,,,,,0,,,,,,,,0,,,,,,,,0,,,,,,,,0,,,,,,,,,,60,0,0,Missing situation.npy; Missing intent_targets.npy; Missing renderer_target.npy
slakh,Track00004,Track00004_661500,train,15.0,21.0,6.0,0.06661528209498269,0.430561900138855,0.045693552741041546,0.3027145564556122,,,0,,,,,,,0,0,0,,,,,,,,0,,,,,,,,0,,,,,,,,0,,,,,,,,0,,,,,,,,,,60,0,0,Missing situation.npy; Missing intent_targets.npy; Missing renderer_target.npy
slakh,Track00013,Track00013_1058400,train,24.0,30.0,6.0,0.07382551861458943,0.4452061355113983,0.029130613374251775,0.2510238587856293,,,0,,,,,,,0,0,1,segments/slakh/Track00013/Track00013_1058400/situation.npy,"(32,)",True,-0.9727586507797241,1.1779801845550537,0.37076255679130554,0.424959659576416,1,segments/slakh/Track00013/Track00013_1058400/intent_targets.npy,"(60, 7)",True,0.0,1.0,0.23883089423179626,0.32155320048332214,0,,,,,,,,1,segments/slakh/Track00013/Track00013_1058400/renderer_target.npy,"(599, 882)",True,-0.2510238587856293,0.234416201710701,-9.717365901451558e-05,0.029153889045119286,0,,,,,,,,,,60,60,1,
slakh,Track00007,Track00007_1852200,train,42.0,48.0,6.0,0.07993099273172966,0.5917568802833557,0.06755314456766857,0.4189556837081909,,,0,,,,,,,0,0,1,segments/slakh/Track00007/Track00007_1852200/situation.npy,"(32,)",True,-0.7998392581939697,1.345947504043579,0.3131471276283264,0.421390563249588,1,segments/slakh/Track00007/Track00007_1852200/intent_targets.npy,"(60, 7)",True,0.0,1.0,0.2911885380744934,0.25990039110183716,0,,,,,,,,1,segments/slakh/Track00007/Track00007_1852200/renderer_target.npy,"(599, 882)",True,-0.30545663833618164,0.4189556837081909,-0.00010685814777389169,0.06745589524507523,0,,,,,,,,,,60,60,1,
slakh,Track00018,Track00018_1719900,val,39.0,45.0,6.0,0.0666191850965572,0.3842511773109436,0.022216469489204395,0.13276654481887817,,,0,,,,,,,0,0,0,,,,,,,,0,,,,,,,,0,,,,,,,,0,,,,,,,,0,,,,,,,,,,60,0,0,Missing situation.npy; Missing intent_targets.npy; Missing renderer_target.npy
slakh,Track00001,Track00001_4233600,train,96.0,102.0,6.0,0.09420545613569223,0.7419326901435852,0.056177201187916054,0.25101515650749207,,,0,,,,,,,0,0,1,segments/slakh/Track00001/Track00001_4233600/situation.npy,"(32,)",True,0.0,0.9921147227287292,0.3869243562221527,0.31526774168014526,1,segments/slakh/Track00001/Track00001_4233600/intent_targets.npy,"(60, 7)",True,0.0,1.0,0.25019437074661255,0.23159578442573547,0,,,,,,,,1,segments/slakh/Track00001/Track00001_4233600/renderer_target.npy,"(599, 882)",True,-0.23011189699172974,0.25101515650749207,-6.017988198436797e-05,0.056176383048295975,0,,,,,,,,,,60,60,1,
slakh,Track00015,Track00015_5953500,test,135.0,141.0,6.0,0.06155369315511229,0.6406670212745667,0.06701460377771193,0.31678643822669983,,,0,,,,,,,0,0,0,,,,,,,,0,,,,,,,,0,,,,,,,,0,,,,,,,,0,,,,,,,,,,60,0,0,Missing situation.npy; Missing intent_targets.npy; Missing renderer_target.npy
slakh,Track00020,Track00020_9128700,val,207.0,213.0,6.0,0.05349220856210692,0.46770012378692627,0.0765259345133618,0.3791485130786896,,,0,,,,,,,0,0,0,,,,,,,,0,,,,,,,,0,,,,,,,,0,,,,,,,,0,,,,,,,,,,60,0,0,Missing situation.npy; Missing intent_targets.npy; Missing renderer_target.npy
slakh,Track00013,Track00013_7805700,train,177.0,183.0,6.0,0.063971529967807,0.3524274230003357,0.0,0.0,,,0,,,,,,,1,1,1,segments/slakh/Track00013/Track00013_7805700/situation.npy,"(32,)",True,-0.9727586507797241,1.1267544031143188,0.34343165159225464,0.415185809135437,1,segments/slakh/Track00013/Track00013_7805700/intent_targets.npy,"(60, 7)",True,0.0,1.0,0.1428571492433548,0.3499270975589752,0,,,,,,,,1,segments/slakh/Track00013/Track00013_7805700/renderer_target.npy,"(599, 882)",True,0.0,0.0,0.0,0.0,0,,,,,,,,,,60,60,1,All-zero renderer target
slakh,Track00007,Track00007_3572100,train,81.0,87.0,6.0,0.07773736467407412,0.6236329078674316,0.07151894660598408,0.5440455675125122,,,0,,,,,,,0,0,1,segments/slakh/Track00007/Track00007_3572100/situation.npy,"(32,)",True,-0.7998392581939697,1.9493293762207031,0.3414851129055023,0.5388060212135315,1,segments/slakh/Track00007/Track00007_3572100/intent_targets.npy,"(60, 7)",True,0.0,1.0,0.30838802456855774,0.2465859204530716,0,,,,,,,,1,segments/slakh/Track00007/Track00007_3572100/renderer_target.npy,"(599, 882)",True,-0.5440455675125122,0.3702545166015625,-0.00012297526700422168,0.07147377729415894,0,,,,,,,,,,60,60,1,
slakh,Track00010,Track00010_0,train,0.0,6.0,6.0,0.0589851178108182,0.5625905990600586,0.06302463469625251,0.5074523091316223,,,0,,,,,,,0,0,0,,,,,,,,0,,,,,,,,0,,,,,,,,0,,,,,,,,0,,,,,,,,,,60,0,0,Missing situation.npy; Missing intent_targets.npy; Missing renderer_target.npy
slakh,Track00009,Track00009_3836700,train,87.0,93.0,6.0,0.06939191174852745,0.35769757628440857,0.05842499070983896,0.2284976840019226,,,0,,,,,,,0,0,1,segments/slakh/Track00009/Track00009_3836700/situation.npy,"(32,)",True,-0.8451901078224182,1.2724413871765137,0.29287803173065186,0.42608165740966797,1,segments/slakh/Track00009/Track00009_3836700/intent_targets.npy,"(60, 7)",True,0.0,1.0,0.32241684198379517,0.2490982860326767,0,,,,,,,,1,segments/slakh/Track00009/Track00009_3836700/renderer_target.npy,"(599, 882)",True,-0.22232620418071747,0.2284976840019226,-0.00010116596968146041,0.05845502391457558,0,,,,,,,,,,60,60,1,
slakh,Track00009,Track00009_3969000,train,90.0,96.0,6.0,0.06965814296785076,0.36289140582084656,0.050734417289035154,0.18589593470096588,,,0,,,,,,,0,0,1,segments/slakh/Track00009/Track00009_3969000/situation.npy,"(32,)",True,-0.915773332118988,1.0618109703063965,0.2559190094470978,0.4032183587551117,1,segments/slakh/Track00009/Track00009_3969000/intent_targets.npy,"(60, 7)",True,0.0,1.0,0.25333020091056824,0.2728777825832367,0,,,,,,,,1,segments/slakh/Track00009/Track00009_3969000/renderer_target.npy,"(599, 882)",True,-0.17082665860652924,0.18589593470096588,-9.999413305195048e-05,0.05075879395008087,0,,,,,,,,,,60,60,1,
slakh,Track00018,Track00018_8599500,val,195.0,201.0,6.0,0.08883250173937962,0.6111672520637512,0.05243533746915881,0.4431769549846649,,,0,,,,,,,0,0,0,,,,,,,,0,,,,,,,,0,,,,,,,,0,,,,,,,,0,,,,,,,,,,60,0,0,Missing situation.npy; Missing intent_targets.npy; Missing renderer_target.npy
slakh,Track00005,Track00005_3175200,train,72.0,78.0,6.0,0.05593409890905459,0.49838435649871826,0.05179702700998813,0.28704380989074707,,,0,,,,,,,0,0,0,,,,,,,,0,,,,,,,,0,,,,,,,,0,,,,,,,,0,,,,,,,,,,60,0,0,Missing situation.npy; Missing intent_targets.npy; Missing renderer_target.npy
slakh,Track00014,Track00014_11113200,train,252.0,258.0,6.0,0.07390780839350684,0.7574286460876465,0.09825138940323361,0.4850198030471802,,,0,,,,,,,0,0,0,,,,,,,,0,,,,,,,,0,,,,,,,,0,,,,,,,,0,,,,,,,,,,60,0,0,Missing situation.npy; Missing intent_targets.npy; Missing renderer_target.npy
slakh,Track00005,Track00005_529200,train,12.0,18.0,6.0,0.08613647413534242,0.5215182304382324,0.03305531889045204,0.319972425699234,,,0,,,,,,,0,0,0,,,,,,,,0,,,,,,,,0,,,,,,,,0,,,,,,,,0,,,,,,,,,,60,0,0,Missing situation.npy; Missing intent_targets.npy; Missing renderer_target.npy
slakh,Track00007,Track00007_0,train,0.0,6.0,6.0,0.047190002014950674,0.5507322549819946,0.04918438508347064,0.46502792835235596,,,0,,,,,,,0,0,1,segments/slakh/Track00007/Track00007_0/situation.npy,"(32,)",True,-0.7998392581939697,1.5560792684555054,0.28806397318840027,0.44025981426239014,1,segments/slakh/Track00007/Track00007_0/intent_targets.npy,"(60, 7)",True,0.0,1.0,0.20871785283088684,0.3206877112388611,0,,,,,,,,1,segments/slakh/Track00007/Track00007_0/renderer_target.npy,"(599, 882)",True,-0.46502792835235596,0.3987586498260498,-2.4325547201442532e-05,0.04920833557844162,0,,,,,,,,,,60,60,1,
slakh,Track00020,Track00020_5292000,val,120.0,126.0,6.0,0.057560838263171474,0.6054476499557495,0.07169353057526448,0.42477890849113464,,,0,,,,,,,0,0,0,,,,,,,,0,,,,,,,,0,,,,,,,,0,,,,,,,,0,,,,,,,,,,60,0,0,Missing situation.npy; Missing intent_targets.npy; Missing renderer_target.npy
slakh,Track00004,Track00004_9525600,train,216.0,222.0,6.0,0.08149726153931425,0.7136210799217224,0.07741671709969769,0.5279088020324707,,,0,,,,,,,0,0,0,,,,,,,,0,,,,,,,,0,,,,,,,,0,,,,,,,,0,,,,,,,,,,60,0,0,Missing situation.npy; Missing intent_targets.npy; Missing renderer_target.npy
slakh,Track00015,Track00015_7673400,test,174.0,180.0,6.0,0.0638043283264078,0.6365978121757507,0.08557848395987605,0.43051838874816895,,,0,,,,,,,0,0,0,,,,,,,,0,,,,,,,,0,,,,,,,,0,,,,,,,,0,,,,,,,,,,60,0,0,Missing situation.npy; Missing intent_targets.npy; Missing renderer_target.npy
slakh,Track00013,Track00013_6218100,train,141.0,147.0,6.0,0.059833164482430326,0.3237936496734619,0.0,0.0,,,0,,,,,,,1,1,1,segments/slakh/Track00013/Track00013_6218100/situation.npy,"(32,)",True,-0.9727586507797241,1.091855764389038,0.3277238607406616,0.41022858023643494,1,segments/slakh/Track00013/Track00013_6218100/intent_targets.npy,"(60, 7)",True,0.0,1.0,0.1428571492433548,0.3499270975589752,0,,,,,,,,1,segments/slakh/Track00013/Track00013_6218100/renderer_target.npy,"(599, 882)",True,0.0,0.0,0.0,0.0,0,,,,,,,,,,60,60,1,All-zero renderer target
slakh,Track00020,Track00020_529200,val,12.0,18.0,6.0,0.06150823316900286,0.4728586971759796,0.09059112579794407,0.4048078954219818,,,0,,,,,,,0,0,0,,,,,,,,0,,,,,,,,0,,,,,,,,0,,,,,,,,0,,,,,,,,,,60,0,0,Missing situation.npy; Missing intent_targets.npy; Missing renderer_target.npy
slakh,Track00017,Track00017_5292000,train,120.0,126.0,6.0,0.05508324536336852,0.6403878927230835,0.1033420571737872,0.48461923003196716,,,0,,,,,,,0,0,0,,,,,,,,0,,,,,,,,0,,,,,,,,0,,,,,,,,0,,,,,,,,,,60,0,0,Missing situation.npy; Missing intent_targets.npy; Missing renderer_target.npy
slakh,Track00003,Track00003_3836700,train,87.0,93.0,6.0,0.06694355706139081,0.4909861385822296,0.0687160546980963,0.33896031975746155,,,0,,,,,,,0,0,0,,,,,,,,0,,,,,,,,0,,,,,,,,0,,,,,,,,0,,,,,,,,,,60,0,0,Missing situation.npy; Missing intent_targets.npy; Missing renderer_target.npy
slakh,Track00017,Track00017_3836700,train,87.0,93.0,6.0,0.059325254452427645,0.6220048069953918,0.08750888468716665,0.4579034745693207,,,0,,,,,,,0,0,0,,,,,,,,0,,,,,,,,0,,,,,,,,0,,,,,,,,0,,,,,,,,,,60,0,0,Missing situation.npy; Missing intent_targets.npy; Missing renderer_target.npy
slakh,Track00013,Track00013_7541100,train,171.0,177.0,6.0,0.06391060838677125,0.346858412027359,0.0,0.0,,,0,,,,,,,1,1,1,segments/slakh/Track00013/Track00013_7541100/situation.npy,"(32,)",True,-0.9727586507797241,0.9851064085960388,0.3456621766090393,0.3913499116897583,1,segments/slakh/Track00013/Track00013_7541100/intent_targets.npy,"(60, 7)",True,0.0,1.0,0.1428571492433548,0.3499270975589752,0,,,,,,,,1,segments/slakh/Track00013/Track00013_7541100/renderer_target.npy,"(599, 882)",True,0.0,0.0,0.0,0.0,0,,,,,,,,,,60,60,1,All-zero renderer target
slakh,Track00005,Track00005_1455300,train,33.0,39.0,6.0,0.03578566399855048,0.27617931365966797,0.06323922748419128,0.8912509083747864,,,0,,,,,,,0,0,0,,,,,,,,0,,,,,,,,0,,,,,,,,0,,,,,,,,0,,,,,,,,,,60,0,0,Missing situation.npy; Missing intent_targets.npy; Missing renderer_target.npy
slakh,Track00012,Track00012_3836700,train,87.0,93.0,6.0,0.06320035801922512,0.4104345142841339,0.0750128241803788,0.45004549622535706,,,0,,,,,,,0,0,0,,,,,,,,0,,,,,,,,0,,,,,,,,0,,,,,,,,0,,,,,,,,,,60,0,0,Missing situation.npy; Missing intent_targets.npy; Missing renderer_target.npy
slakh,Track00007,Track00007_9525600,train,216.0,222.0,6.0,0.07182500622455812,0.5704424381256104,0.08434105247633483,0.4631711542606354,,,0,,,,,,,0,0,1,segments/slakh/Track00007/Track00007_9525600/situation.npy,"(32,)",True,-0.7998392581939697,2.254420042037964,0.45792919397354126,0.5864880084991455,1,segments/slakh/Track00007/Track00007_9525600/intent_targets.npy,"(60, 7)",True,0.0,1.0,0.318681925535202,0.26824191212654114,0,,,,,,,,1,segments/slakh/Track00007/Track00007_9525600/renderer_target.npy,"(599, 882)",True,-0.4631711542606354,0.3777238726615906,-0.00015174903091974556,0.08437367528676987,0,,,,,,,,,,60,60,1,
slakh,Track00017,Track00017_5688900,train,129.0,135.0,6.0,0.05286872749433656,0.514299213886261,0.10428856166692305,0.4793205261230469,,,0,,,,,,,0,0,0,,,,,,,,0,,,,,,,,0,,,,,,,,0,,,,,,,,0,,,,,,,,,,60,0,0,Missing situation.npy; Missing intent_targets.npy; Missing renderer_target.npy
slakh,Track00017,Track00017_0,train,0.0,6.0,6.0,0.01809794482890597,0.3248996138572693,0.033350069202426114,0.29029005765914917,,,0,,,,,,,0,0,0,,,,,,,,0,,,,,,,,0,,,,,,,,0,,,,,,,,0,,,,,,,,,,60,0,0,Missing situation.npy; Missing intent_targets.npy; Missing renderer_target.npy
slakh,Track00009,Track00009_3042900,train,69.0,75.0,6.0,0.08904127598524286,0.577573835849762,0.09320373669372127,0.45409056544303894,,,0,,,,,,,0,0,1,segments/slakh/Track00009/Track00009_3042900/situation.npy,"(32,)",True,-0.9605181217193604,1.5545035600662231,0.28642404079437256,0.4713468849658966,1,segments/slakh/Track00009/Track00009_3042900/intent_targets.npy,"(60, 7)",True,0.0,1.0,0.3252744674682617,0.27136966586112976,0,,,,,,,,1,segments/slakh/Track00009/Track00009_3042900/renderer_target.npy,"(599, 882)",True,-0.45409056544303894,0.4382801651954651,-0.0002275766310049221,0.09320681542158127,0,,,,,,,,,,60,60,1,
slakh,Track00005,Track00005_396900,train,9.0,15.0,6.0,0.08116311125927833,0.5215182304382324,0.029506188361462116,0.319972425699234,,,0,,,,,,,0,0,0,,,,,,,,0,,,,,,,,0,,,,,,,,0,,,,,,,,0,,,,,,,,,,60,0,0,Missing situation.npy; Missing intent_targets.npy; Missing renderer_target.npy
slakh,Track00009,Track00009_4233600,train,96.0,102.0,6.0,0.07048974184297029,0.38662728667259216,0.049174090512569255,0.200397789478302,,,0,,,,,,,0,0,1,segments/slakh/Track00009/Track00009_4233600/situation.npy,"(32,)",True,-0.9605181217193604,1.0264825820922852,0.23469975590705872,0.39012113213539124,1,segments/slakh/Track00009/Track00009_4233600/intent_targets.npy,"(60, 7)",True,0.0,1.0,0.286761611700058,0.27181339263916016,0,,,,,,,,1,segments/slakh/Track00009/Track00009_4233600/renderer_target.npy,"(599, 882)",True,-0.200397789478302,0.1834607571363449,-4.3854426621692255e-05,0.04916057735681534,0,,,,,,,,,,60,60,1,
slakh,Track00019,Track00019_7408800,train,168.0,174.0,6.0,0.07351173287748566,0.4036194980144501,0.08698119969709037,0.5063632130622864,,,0,,,,,,,0,0,0,,,,,,,,0,,,,,,,,0,,,,,,,,0,,,,,,,,0,,,,,,,,,,60,0,0,Missing situation.npy; Missing intent_targets.npy; Missing renderer_target.npy
slakh,Track00013,Track00013_661500,train,15.0,21.0,6.0,0.07040368014976056,0.4713607430458069,0.046991823306526785,0.2512921690940857,,,0,,,,,,,0,0,1,segments/slakh/Track00013/Track00013_661500/situation.npy,"(32,)",True,0.0,1.3846620321273804,0.46448618173599243,0.38878071308135986,1,segments/slakh/Track00013/Track00013_661500/intent_targets.npy,"(60, 7)",True,0.0,1.0,0.23885607719421387,0.25296589732170105,0,,,,,,,,1,segments/slakh/Track00013/Track00013_661500/renderer_target.npy,"(599, 882)",True,-0.2512921690940857,0.23903237283229828,-0.00013520880020223558,0.046987202018499374,0,,,,,,,,,,60,60,1,
slakh,Track00020,Track00020_7805700,val,177.0,183.0,6.0,0.05853050387679809,0.4880993068218231,0.08139312070048516,0.3620261251926422,,,0,,,,,,,0,0,0,,,,,,,,0,,,,,,,,0,,,,,,,,0,,,,,,,,0,,,,,,,,,,60,0,0,Missing situation.npy; Missing intent_targets.npy; Missing renderer_target.npy
slakh,Track00017,Track00017_3704400,train,84.0,90.0,6.0,0.05337077308602706,0.5194835066795349,0.08928644281409664,0.4697639048099518,,,0,,,,,,,0,0,0,,,,,,,,0,,,,,,,,0,,,,,,,,0,,,,,,,,0,,,,,,,,,,60,0,0,Missing situation.npy; Missing intent_targets.npy; Missing renderer_target.npy
slakh,Track00002,Track00002_1984500,test,45.0,51.0,6.0,0.056880711073618515,0.4366234242916107,0.059241457547033964,0.6444186568260193,,,0,,,,,,,0,0,0,,,,,,,,0,,,,,,,,0,,,,,,,,0,,,,,,,,0,,,,,,,,,,60,0,0,Missing situation.npy; Missing intent_targets.npy; Missing renderer_target.npy
slakh,Track00001,Track00001_3439800,train,78.0,84.0,6.0,0.08669462048074823,0.5952039361000061,0.04173947625884271,0.20981597900390625,,,0,,,,,,,0,0,1,segments/slakh/Track00001/Track00001_3439800/situation.npy,"(32,)",True,0.0,0.996492862701416,0.3289373517036438,0.2895583212375641,1,segments/slakh/Track00001/Track00001_3439800/intent_targets.npy,"(60, 7)",True,0.0,1.0,0.23252299427986145,0.282001256942749,0,,,,,,,,1,segments/slakh/Track00001/Track00001_3439800/renderer_target.npy,"(599, 882)",True,-0.18846456706523895,0.20981597900390625,-8.872478065313771e-05,0.041704483330249786,0,,,,,,,,,,60,60,1,
slakh,Track00007,Track00007_926100,train,21.0,27.0,6.0,0.07143772040957495,0.6185114979743958,0.05902882508841567,0.5207617282867432,,,0,,,,,,,0,0,1,segments/slakh/Track00007/Track00007_926100/situation.npy,"(32,)",True,-0.7998392581939697,1.5159621238708496,0.3158867657184601,0.4444736838340759,1,segments/slakh/Track00007/Track00007_926100/intent_targets.npy,"(60, 7)",True,0.0,1.0,0.27420878410339355,0.2862323522567749,0,,,,,,,,1,segments/slakh/Track00007/Track00007_926100/renderer_target.npy,"(599, 882)",True,-0.5207617282867432,0.34147655963897705,-0.0001327942736679688,0.05899161472916603,0,,,,,,,,,,60,60,1,
slakh,Track00007,Track00007_7011900,train,159.0,165.0,6.0,0.07300121979651389,0.5792783498764038,0.058204776404425014,0.43613874912261963,,,0,,,,,,,0,0,1,segments/slakh/Track00007/Track00007_7011900/situation.npy,"(32,)",True,-0.7998392581939697,1.809494972229004,0.3269537389278412,0.5036927461624146,1,segments/slakh/Track00007/Track00007_7011900/intent_targets.npy,"(60, 7)",True,0.0,1.0,0.28546276688575745,0.3087750971317291,0,,,,,,,,1,segments/slakh/Track00007/Track00007_7011900/renderer_target.npy,"(599, 882)",True,-0.3868853449821472,0.43613874912261963,-0.00011031513713533059,0.05823222175240517,0,,,,,,,,,,60,60,1,
slakh,Track00002,Track00002_6482700,test,147.0,153.0,6.0,0.054628850664046096,0.44503554701805115,0.08929417345484095,0.5935554504394531,,,0,,,,,,,0,0,0,,,,,,,,0,,,,,,,,0,,,,,,,,0,,,,,,,,0,,,,,,,,,,60,0,0,Missing situation.npy; Missing intent_targets.npy; Missing renderer_target.npy
slakh,Track00007,Track00007_6482700,train,147.0,153.0,6.0,0.08436157598265528,0.5550920963287354,0.08714542589479127,0.5941833257675171,,,0,,,,,,,0,0,1,segments/slakh/Track00007/Track00007_6482700/situation.npy,"(32,)",True,-0.7998392581939697,1.5845202207565308,0.32897835969924927,0.46316877007484436,1,segments/slakh/Track00007/Track00007_6482700/intent_targets.npy,"(60, 7)",True,0.0,1.0,0.3381059467792511,0.28223785758018494,0,,,,,,,,1,segments/slakh/Track00007/Track00007_6482700/renderer_target.npy,"(599, 882)",True,-0.4831743836402893,0.5941833257675171,-0.00010104899411089718,0.08718693256378174,0,,,,,,,,,,60,60,1,
slakh,Track00018,Track00018_4233600,val,96.0,102.0,6.0,0.0681927627366622,0.3260399401187897,0.05439332024701293,0.37784382700920105,,,0,,,,,,,0,0,0,,,,,,,,0,,,,,,,,0,,,,,,,,0,,,,,,,,0,,,,,,,,,,60,0,0,Missing situation.npy; Missing intent_targets.npy; Missing renderer_target.npy
slakh,Track00004,Track00004_7011900,train,159.0,165.0,6.0,0.08554840144484686,0.6397227048873901,0.06868156442320822,0.380785197019577,,,0,,,,,,,0,0,0,,,,,,,,0,,,,,,,,0,,,,,,,,0,,,,,,,,0,,,,,,,,,,60,0,0,Missing situation.npy; Missing intent_targets.npy; Missing renderer_target.npy
slakh,Track00004,Track00004_8334900,train,189.0,195.0,6.0,0.0782989337482509,0.7391484379768372,0.07110650506500175,0.5446019172668457,,,0,,,,,,,0,0,0,,,,,,,,0,,,,,,,,0,,,,,,,,0,,,,,,,,0,,,,,,,,,,60,0,0,Missing situation.npy; Missing intent_targets.npy; Missing renderer_target.npy
slakh,Track00008,Track00008_1852200,train,42.0,48.0,6.0,0.038140779349285274,0.32370051741600037,0.08596878096971716,0.4100722372531891,,,0,,,,,,,0,0,1,segments/slakh/Track00008/Track00008_1852200/situation.npy,"(32,)",True,-0.7847993969917297,1.5043046474456787,0.393100380897522,0.4465062916278839,1,segments/slakh/Track00008/Track00008_1852200/intent_targets.npy,"(60, 7)",True,0.0,1.0,0.32752227783203125,0.24703475832939148,0,,,,,,,,1,segments/slakh/Track00008/Track00008_1852200/renderer_target.npy,"(599, 882)",True,-0.4100722372531891,0.34111329913139343,-0.0015164727810770273,0.0859421119093895,0,,,,,,,,,,60,60,1,
slakh,Track00012,Track00012_4101300,train,93.0,99.0,6.0,0.06221969213134659,0.45248931646347046,0.08382058274260452,0.5088211297988892,,,0,,,,,,,0,0,0,,,,,,,,0,,,,,,,,0,,,,,,,,0,,,,,,,,0,,,,,,,,,,60,0,0,Missing situation.npy; Missing intent_targets.npy; Missing renderer_target.npy
slakh,Track00013,Track00013_8731800,train,198.0,204.0,6.0,0.07043797987700695,0.3548576831817627,0.04558531426225035,0.2391767054796219,,,0,,,,,,,0,0,1,segments/slakh/Track00013/Track00013_8731800/situation.npy,"(32,)",True,-0.9727586507797241,0.9893617033958435,0.3117105960845947,0.3737088739871979,1,segments/slakh/Track00013/Track00013_8731800/intent_targets.npy,"(60, 7)",True,0.0,1.0,0.258023738861084,0.21386563777923584,0,,,,,,,,1,segments/slakh/Track00013/Track00013_8731800/renderer_target.npy,"(599, 882)",True,-0.22852304577827454,0.2391767054796219,-0.0002348402194911614,0.04560704156756401,0,,,,,,,,,,60,60,1,
slakh,Track00001,Track00001_661500,train,15.0,21.0,6.0,0.07840524677088435,0.48790666460990906,0.07840761735556621,0.37574413418769836,,,0,,,,,,,0,0,1,segments/slakh/Track00001/Track00001_661500/situation.npy,"(32,)",True,0.0,0.996492862701416,0.38799476623535156,0.32242074608802795,1,segments/slakh/Track00001/Track00001_661500/intent_targets.npy,"(60, 7)",True,0.0,1.0,0.28230738639831543,0.23797684907913208,0,,,,,,,,1,segments/slakh/Track00001/Track00001_661500/renderer_target.npy,"(599, 882)",True,-0.3500535786151886,0.37574413418769836,-0.00010170351015403867,0.0784427672624588,0,,,,,,,,,,60,60,1,
slakh,Track00008,Track00008_1058400,train,24.0,30.0,6.0,0.03537575594417981,0.30134907364845276,0.07817515505476433,0.3366261124610901,,,0,,,,,,,0,0,1,segments/slakh/Track00008/Track00008_1058400/situation.npy,"(32,)",True,-0.7847993969917297,1.3937721252441406,0.3177034854888916,0.43607765436172485,1,segments/slakh/Track00008/Track00008_1058400/intent_targets.npy,"(60, 7)",True,0.0,1.0,0.32711562514305115,0.23910528421401978,0,,,,,,,,1,segments/slakh/Track00008/Track00008_1058400/renderer_target.npy,"(599, 882)",True,-0.3366261124610901,0.28435203433036804,-0.0002712054701987654,0.07816080749034882,0,,,,,,,,,,60,60,1,
slakh,Track00020,Track00020_1323000,val,30.0,36.0,6.0,0.07047347488624234,0.522541880607605,0.08311710786414019,0.4302743971347809,,,0,,,,,,,0,0,0,,,,,,,,0,,,,,,,,0,,,,,,,,0,,,,,,,,0,,,,,,,,,,60,0,0,Missing situation.npy; Missing intent_targets.npy; Missing renderer_target.npy
slakh,Track00006,Track00006_5821200,train,132.0,138.0,6.0,0.05539275575174841,0.46224072575569153,0.10065925899314869,0.4617471396923065,,,0,,,,,,,0,0,1,segments/slakh/Track00006/Track00006_5821200/situation.npy,"(32,)",True,-0.9727586507797241,1.3611478805541992,0.38100409507751465,0.4460975229740143,1,segments/slakh/Track00006/Track00006_5821200/intent_targets.npy,"(60, 7)",True,0.0,1.0,0.3337922990322113,0.26961806416511536,0,,,,,,,,1,segments/slakh/Track00006/Track00006_5821200/renderer_target.npy,"(599, 882)",True,-0.4617471396923065,0.43067219853401184,-0.0002532418875489384,0.10066672414541245,0,,,,,,,,,,60,60,1,
slakh,Track00016,Track00016_3572100,train,81.0,87.0,6.0,0.09130847121679936,0.4780920147895813,0.08594660200478077,0.4137224853038788,,,0,,,,,,,0,0,0,,,,,,,,0,,,,,,,,0,,,,,,,,0,,,,,,,,0,,,,,,,,,,60,0,0,Missing situation.npy; Missing intent_targets.npy; Missing renderer_target.npy
slakh,Track00010,Track00010_3307500,train,75.0,81.0,6.0,0.06513759021785591,0.5583749413490295,0.07380526147516288,0.3828143775463104,,,0,,,,,,,0,0,0,,,,,,,,0,,,,,,,,0,,,,,,,,0,,,,,,,,0,,,,,,,,,,60,0,0,Missing situation.npy; Missing intent_targets.npy; Missing renderer_target.npy
slakh,Track00020,Track00020_6615000,val,150.0,156.0,6.0,0.05480214208301113,0.5831896662712097,0.06550652634061052,0.3398181200027466,,,0,,,,,,,0,0,0,,,,,,,,0,,,,,,,,0,,,,,,,,0,,,,,,,,0,,,,,,,,,,60,0,0,Missing situation.npy; Missing intent_targets.npy; Missing renderer_target.npy
slakh,Track00008,Track00008_2381400,train,54.0,60.0,6.0,0.03379707309703275,0.3195118308067322,0.07477118773169886,0.34090012311935425,,,0,,,,,,,0,0,1,segments/slakh/Track00008/Track00008_2381400/situation.npy,"(32,)",True,-0.7847993969917297,1.2749491930007935,0.40561389923095703,0.42527511715888977,1,segments/slakh/Track00008/Track00008_2381400/intent_targets.npy,"(60, 7)",True,0.0,1.0,0.36702224612236023,0.24739839136600494,0,,,,,,,,1,segments/slakh/Track00008/Track00008_2381400/renderer_target.npy,"(599, 882)",True,-0.3210406005382538,0.34090012311935425,0.00011100088886450976,0.07474412769079208,0,,,,,,,,,,60,60,1,
slakh,Track00020,Track00020_3836700,val,87.0,93.0,6.0,0.052563673800035605,0.5782428979873657,0.07163751980593298,0.3166191875934601,,,0,,,,,,,0,0,0,,,,,,,,0,,,,,,,,0,,,,,,,,0,,,,,,,,0,,,,,,,,,,60,0,0,Missing situation.npy; Missing intent_targets.npy; Missing renderer_target.npy
slakh,Track00013,Track00013_264600,train,6.0,12.0,6.0,0.06754594889232308,0.6780595183372498,0.04642168434578605,0.21498431265354156,,,0,,,,,,,0,0,1,segments/slakh/Track00013/Track00013_264600/situation.npy,"(32,)",True,-0.9727586507797241,1.217939853668213,0.42098402976989746,0.4465658962726593,1,segments/slakh/Track00013/Track00013_264600/intent_targets.npy,"(60, 7)",True,0.0,1.0,0.24948695302009583,0.2560961842536926,0,,,,,,,,1,segments/slakh/Track00013/Track00013_264600/renderer_target.npy,"(599, 882)",True,-0.21498431265354156,0.2053443044424057,-0.00011383961100364104,0.046424128115177155,0,,,,,,,,,,60,60,1,
slakh,Track00006,Track00006_661500,train,15.0,21.0,6.0,0.07232986664373069,0.5999969244003296,0.0780004024614292,0.3562433123588562,,,0,,,,,,,0,0,1,segments/slakh/Track00006/Track00006_661500/situation.npy,"(32,)",True,-0.9727586507797241,1.1065285205841064,0.25411927700042725,0.4219871759414673,1,segments/slakh/Track00006/Track00006_661500/intent_targets.npy,"(60, 7)",True,0.0,1.0,0.3856620490550995,0.23867464065551758,0,,,,,,,,1,segments/slakh/Track00006/Track00006_661500/renderer_target.npy,"(599, 882)",True,-0.3562433123588562,0.3541511595249176,-0.00015468188212253153,0.07793673872947693,0,,,,,,,,,,60,60,1,
slakh,Track00006,Track00006_2910600,train,66.0,72.0,6.0,0.06223221147673205,0.5310363173484802,0.06747083470250026,0.4704529643058777,,,0,,,,,,,0,0,1,segments/slakh/Track00006/Track00006_2910600/situation.npy,"(32,)",True,-0.7847993969917297,1.3495343923568726,0.32756859064102173,0.411300927400589,1,segments/slakh/Track00006/Track00006_2910600/intent_targets.npy,"(60, 7)",True,0.0,1.0,0.33430153131484985,0.20502535998821259,0,,,,,,,,1,segments/slakh/Track00006/Track00006_2910600/renderer_target.npy,"(599, 882)",True,-0.4704529643058777,0.36036697030067444,-0.00013489462435245514,0.06749572604894638,0,,,,,,,,,,60,60,1,
slakh,Track00010,Track00010_1852200,train,42.0,48.0,6.0,0.07307175114903963,0.5392804145812988,0.05582270746838812,0.41226768493652344,,,0,,,,,,,0,0,0,,,,,,,,0,,,,,,,,0,,,,,,,,0,,,,,,,,0,,,,,,,,,,60,0,0,Missing situation.npy; Missing intent_targets.npy; Missing renderer_target.npy
slakh,Track00015,Track00015_3836700,test,87.0,93.0,6.0,0.061749886030284806,0.6303134560585022,0.07277052099052825,0.3593750298023224,,,0,,,,,,,0,0,0,,,,,,,,0,,,,,,,,0,,,,,,,,0,,,,,,,,0,,,,,,,,,,60,0,0,Missing situation.npy; Missing intent_targets.npy; Missing renderer_target.npy
slakh,Track00012,Track00012_3439800,train,78.0,84.0,6.0,0.058864757123513196,0.4821465313434601,0.07873283088732778,0.4596220552921295,,,0,,,,,,,0,0,0,,,,,,,,0,,,,,,,,0,,,,,,,,0,,,,,,,,0,,,,,,,,,,60,0,0,Missing situation.npy; Missing intent_targets.npy; Missing renderer_target.npy
slakh,Track00012,Track00012_7938000,train,180.0,186.0,6.0,0.06473129152090483,0.5333465933799744,0.0767305943753792,0.4701860249042511,,,0,,,,,,,0,0,0,,,,,,,,0,,,,,,,,0,,,,,,,,0,,,,,,,,0,,,,,,,,,,60,0,0,Missing situation.npy; Missing intent_targets.npy; Missing renderer_target.npy
slakh,Track00014,Track00014_9261000,train,210.0,216.0,6.0,0.03908341222549447,0.10348595678806305,0.05121730455624681,0.22221782803535461,,,0,,,,,,,0,0,0,,,,,,,,0,,,,,,,,0,,,,,,,,0,,,,,,,,0,,,,,,,,,,60,0,0,Missing situation.npy; Missing intent_targets.npy; Missing renderer_target.npy
slakh,Track00019,Track00019_9657900,train,219.0,225.0,6.0,0.04738461844034888,0.37174829840660095,0.07536116137468123,0.3524395823478699,,,0,,,,,,,0,0,0,,,,,,,,0,,,,,,,,0,,,,,,,,0,,,,,,,,0,,,,,,,,,,60,0,0,Missing situation.npy; Missing intent_targets.npy; Missing renderer_target.npy
slakh,Track00017,Track00017_13494600,train,306.0,312.0,6.0,0.01610949927244228,0.31249263882637024,0.05254230176403277,0.4771476686000824,,,0,,,,,,,0,0,0,,,,,,,,0,,,,,,,,0,,,,,,,,0,,,,,,,,0,,,,,,,,,,60,0,0,Missing situation.npy; Missing intent_targets.npy; Missing renderer_target.npy
slakh,Track00014,Track00014_661500,train,15.0,21.0,6.0,0.047950185343190434,0.30812060832977295,0.061965125254116814,0.3525230586528778,,,0,,,,,,,0,0,0,,,,,,,,0,,,,,,,,0,,,,,,,,0,,,,,,,,0,,,,,,,,,,60,0,0,Missing situation.npy; Missing intent_targets.npy; Missing renderer_target.npy
slakh,Track00007,Track00007_1984500,train,45.0,51.0,6.0,0.08240088544610778,0.6495158672332764,0.07408638245959909,0.42565208673477173,,,0,,,,,,,0,0,1,segments/slakh/Track00007/Track00007_1984500/situation.npy,"(32,)",True,-0.7998392581939697,1.2849807739257812,0.31423163414001465,0.4139629900455475,1,segments/slakh/Track00007/Track00007_1984500/intent_targets.npy,"(60, 7)",True,0.0,1.0,0.28078749775886536,0.2523905038833618,0,,,,,,,,1,segments/slakh/Track00007/Track00007_1984500/renderer_target.npy,"(599, 882)",True,-0.42565208673477173,0.3437657654285431,-9.954946290235966e-05,0.07408776134252548,0,,,,,,,,,,60,60,1,
slakh,Track00012,Track00012_7276500,train,165.0,171.0,6.0,0.07374109061001495,0.6420292258262634,0.06039523616450681,0.37554019689559937,,,0,,,,,,,0,0,0,,,,,,,,0,,,,,,,,0,,,,,,,,0,,,,,,,,0,,,,,,,,,,60,0,0,Missing situation.npy; Missing intent_targets.npy; Missing renderer_target.npy
slakh,Track00019,Track00019_6350400,train,144.0,150.0,6.0,0.07884941004637151,0.4309634864330292,0.07988103809516325,0.5337368845939636,,,0,,,,,,,0,0,0,,,,,,,,0,,,,,,,,0,,,,,,,,0,,,,,,,,0,,,,,,,,,,60,0,0,Missing situation.npy; Missing intent_targets.npy; Missing renderer_target.npy
slakh,Track00007,Track00007_7673400,train,174.0,180.0,6.0,0.07184124801339088,0.6361615657806396,0.0652423581239833,0.5192164182662964,,,0,,,,,,,0,0,1,segments/slakh/Track00007/Track00007_7673400/situation.npy,"(32,)",True,-0.7998392581939697,1.4772447347640991,0.33101335167884827,0.4394891858100891,1,segments/slakh/Track00007/Track00007_7673400/intent_targets.npy,"(60, 7)",True,0.0,1.0,0.2764473855495453,0.2720871865749359,0,,,,,,,,1,segments/slakh/Track00007/Track00007_7673400/renderer_target.npy,"(599, 882)",True,-0.5192164182662964,0.3725444972515106,-0.00012512081593740731,0.06527188420295715,0,,,,,,,,,,60,60,1,
slakh,Track00002,Track00002_1190700,test,27.0,33.0,6.0,0.0554289700521677,0.44018176198005676,0.05163921639248577,0.3926096260547638,,,0,,,,,,,0,0,0,,,,,,,,0,,,,,,,,0,,,,,,,,0,,,,,,,,0,,,,,,,,,,60,0,0,Missing situation.npy; Missing intent_targets.npy; Missing renderer_target.npy
slakh,Track00012,Track00012_4498200,train,102.0,108.0,6.0,0.06185311770462429,0.5328647494316101,0.0766056348986995,0.5010488033294678,,,0,,,,,,,0,0,0,,,,,,,,0,,,,,,,,0,,,,,,,,0,,,,,,,,0,,,,,,,,,,60,0,0,Missing situation.npy; Missing intent_targets.npy; Missing renderer_target.npy
slakh,Track00015,Track00015_793800,test,18.0,24.0,6.0,0.06167897616269933,0.6390112042427063,0.07239794784118321,0.36295440793037415,,,0,,,,,,,0,0,0,,,,,,,,0,,,,,,,,0,,,,,,,,0,,,,,,,,0,,,,,,,,,,60,0,0,Missing situation.npy; Missing intent_targets.npy; Missing renderer_target.npy
slakh,Track00005,Track00005_3439800,train,78.0,84.0,6.0,0.046726070472279536,0.3855845630168915,0.058189140439144596,0.28984180092811584,,,0,,,,,,,0,0,0,,,,,,,,0,,,,,,,,0,,,,,,,,0,,,,,,,,0,,,,,,,,,,60,0,0,Missing situation.npy; Missing intent_targets.npy; Missing renderer_target.npy
slakh,Track00014,Track00014_11377800,train,258.0,264.0,6.0,0.07038032574190634,0.7740711569786072,0.09555242766458119,0.6116246581077576,,,0,,,,,,,0,0,0,,,,,,,,0,,,,,,,,0,,,,,,,,0,,,,,,,,0,,,,,,,,,,60,0,0,Missing situation.npy; Missing intent_targets.npy; Missing renderer_target.npy
slakh,Track00020,Track00020_13097700,val,297.0,303.0,6.0,0.05419567730134406,0.5498412847518921,0.06270414347081893,0.36292198300361633,,,0,,,,,,,0,0,0,,,,,,,,0,,,,,,,,0,,,,,,,,0,,,,,,,,0,,,,,,,,,,60,0,0,Missing situation.npy; Missing intent_targets.npy; Missing renderer_target.npy
slakh,Track00014,Track00014_264600,train,6.0,12.0,6.0,0.0535796624193699,0.3065054714679718,0.053609174391560224,0.3077581822872162,,,0,,,,,,,0,0,0,,,,,,,,0,,,,,,,,0,,,,,,,,0,,,,,,,,0,,,,,,,,,,60,0,0,Missing situation.npy; Missing intent_targets.npy; Missing renderer_target.npy
slakh,Track00008,Track00008_9657900,train,219.0,225.0,6.0,0.06537912877026825,0.5440274477005005,0.08696353934050445,0.34338510036468506,,,0,,,,,,,0,0,1,segments/slakh/Track00008/Track00008_9657900/situation.npy,"(32,)",True,-0.7924768328666687,1.264802098274231,0.34415650367736816,0.4483407139778137,1,segments/slakh/Track00008/Track00008_9657900/intent_targets.npy,"(60, 7)",True,0.0,1.0,0.34434112906455994,0.2625390887260437,0,,,,,,,,1,segments/slakh/Track00008/Track00008_9657900/renderer_target.npy,"(599, 882)",True,-0.34338510036468506,0.33105844259262085,0.00015633972361683846,0.0870024710893631,0,,,,,,,,,,60,60,1,
slakh,Track00003,Track00003_3969000,train,90.0,96.0,6.0,0.06789931098383543,0.4514867067337036,0.06510099932479242,0.38075166940689087,,,0,,,,,,,0,0,0,,,,,,,,0,,,,,,,,0,,,,,,,,0,,,,,,,,0,,,,,,,,,,60,0,0,Missing situation.npy; Missing intent_targets.npy; Missing renderer_target.npy
slakh,Track00009,Track00009_6482700,train,147.0,153.0,6.0,0.08317784830661185,0.5778804421424866,0.0898624909694707,0.4497981369495392,,,0,,,,,,,0,0,1,segments/slakh/Track00009/Track00009_6482700/situation.npy,"(32,)",True,-0.9969173073768616,1.4420437812805176,0.27793121337890625,0.446882039308548,1,segments/slakh/Track00009/Track00009_6482700/intent_targets.npy,"(60, 7)",True,0.0,1.0,0.3276935815811157,0.2723506987094879,0,,,,,,,,1,segments/slakh/Track00009/Track00009_6482700/renderer_target.npy,"(599, 882)",True,-0.4497981369495392,0.44404080510139465,-0.0002168076898669824,0.08989528566598892,0,,,,,,,,,,60,60,1,
slakh,Track00011,Track00011_4498200,train,102.0,108.0,6.0,0.05349071078173965,0.27286219596862793,0.08263379199793697,0.3751501441001892,,,0,,,,,,,0,0,0,,,,,,,,0,,,,,,,,0,,,,,,,,0,,,,,,,,0,,,,,,,,,,60,0,0,Missing situation.npy; Missing intent_targets.npy; Missing renderer_target.npy
slakh,Track00020,Track00020_6350400,val,144.0,150.0,6.0,0.049835334258148276,0.4673648178577423,0.06887463938506441,0.4154872000217438,,,0,,,,,,,0,0,0,,,,,,,,0,,,,,,,,0,,,,,,,,0,,,,,,,,0,,,,,,,,,,60,0,0,Missing situation.npy; Missing intent_targets.npy; Missing renderer_target.npy
slakh,Track00001,Track00001_6482700,train,147.0,153.0,6.0,0.06986977722235933,0.48309600353240967,0.07224199484918581,0.3825019896030426,,,0,,,,,,,0,0,1,segments/slakh/Track00001/Track00001_6482700/situation.npy,"(32,)",True,0.0,0.996492862701416,0.3775039315223694,0.31030309200286865,1,segments/slakh/Track00001/Track00001_6482700/intent_targets.npy,"(60, 7)",True,0.0,1.0,0.29176419973373413,0.2255401611328125,0,,,,,,,,1,segments/slakh/Track00001/Track00001_6482700/renderer_target.npy,"(599, 882)",True,-0.35117873549461365,0.3825019896030426,-0.00013600259262602776,0.07222211360931396,0,,,,,,,,,,60,60,1,
slakh,Track00018,Track00018_5292000,val,120.0,126.0,6.0,0.07909266616775441,0.42459478974342346,0.047798248385819905,0.25466132164001465,,,0,,,,,,,0,0,0,,,,,,,,0,,,,,,,,0,,,,,,,,0,,,,,,,,0,,,,,,,,,,60,0,0,Missing situation.npy; Missing intent_targets.npy; Missing renderer_target.npy
slakh,Track00008,Track00008_11113200,train,252.0,258.0,6.0,0.009609363056204596,0.05804930999875069,0.03756049469842856,0.2418374866247177,,,0,,,,,,,0,0,1,segments/slakh/Track00008/Track00008_11113200/situation.npy,"(32,)",True,-0.6156615018844604,0.9873015880584717,0.3695979714393616,0.3703082501888275,1,segments/slakh/Track00008/Track00008_11113200/intent_targets.npy,"(60, 7)",True,0.0,1.0,0.2877345383167267,0.29902341961860657,0,,,,,,,,1,segments/slakh/Track00008/Track00008_11113200/renderer_target.npy,"(599, 882)",True,-0.23942407965660095,0.2418374866247177,-0.00010014602594310418,0.037539269775152206,0,,,,,,,,,,60,60,1,
slakh,Track00013,Track00013_7673400,train,174.0,180.0,6.0,0.061807601552974746,0.3524274230003357,0.0,0.0,,,0,,,,,,,1,1,1,segments/slakh/Track00013/Track00013_7673400/situation.npy,"(32,)",True,-0.9727586507797241,1.1315356492996216,0.3607468605041504,0.4148130416870117,1,segments/slakh/Track00013/Track00013_7673400/intent_targets.npy,"(60, 7)",True,0.0,1.0,0.1428571492433548,0.3499270975589752,0,,,,,,,,1,segments/slakh/Track00013/Track00013_7673400/renderer_target.npy,"(599, 882)",True,0.0,0.0,0.0,0.0,0,,,,,,,,,,60,60,1,All-zero renderer target
slakh,Track00018,Track00018_2910600,val,66.0,72.0,6.0,0.06940349429600152,0.37690284848213196,0.0367698199709072,0.2828242778778076,,,0,,,,,,,0,0,0,,,,,,,,0,,,,,,,,0,,,,,,,,0,,,,,,,,0,,,,,,,,,,60,0,0,Missing situation.npy; Missing intent_targets.npy; Missing renderer_target.npy
slakh,Track00019,Track00019_1323000,train,30.0,36.0,6.0,0.07525392554403904,0.4469309151172638,0.04997162796971612,0.2240484356880188,,,0,,,,,,,0,0,0,,,,,,,,0,,,,,,,,0,,,,,,,,0,,,,,,,,0,,,,,,,,,,60,0,0,Missing situation.npy; Missing intent_targets.npy; Missing renderer_target.npy
